dt,x,y,position,velocity,acceleration,jerk,heading
0.020000,7.305680,3.445565,0.000200,0.020000,1.000000,50.000000,4.714072
0.020000,7.305680,3.445542,0.000223,0.001156,-0.942208,-97.110407,4.713918
0.020000,7.305680,3.445495,0.000269,0.002314,0.057890,50.004918,4.713609
0.020000,7.305680,3.445426,0.000339,0.003475,0.058087,0.009853,4.713146
0.020000,7.305680,3.445333,0.000432,0.004643,0.058384,0.014823,4.712527
0.020000,7.305679,3.441924,0.003841,0.170450,8.290354,411.598519,4.711750
0.020000,7.305674,3.436986,0.008778,0.246883,3.821641,-223.435651,4.710814
0.020000,7.305661,3.431218,0.014546,0.288395,2.075616,-87.301278,4.709714
0.020000,7.305640,3.424630,0.021135,0.329437,2.052072,-1.177194,4.708450
0.020000,7.305605,3.417217,0.028548,0.370648,2.060541,0.423469,4.707016
0.020000,7.305554,3.408977,0.036788,0.412000,2.067636,0.354729,4.705408
0.020000,7.305483,3.399909,0.045856,0.453396,2.069765,0.106463,4.703621
0.020000,7.305386,3.390013,0.055753,0.494860,2.073204,0.171959,4.701650
0.020000,7.305260,3.379287,0.066479,0.536315,2.072766,-0.021895,4.699488
0.020000,7.305097,3.367734,0.078034,0.577710,2.069758,-0.150429,4.697131
0.020000,7.304892,3.355356,0.090414,0.619002,2.064578,-0.258956,4.694569
0.020000,7.304638,3.342138,0.103634,0.661031,2.101482,1.845166,4.691793
0.020000,7.304328,3.328094,0.117681,0.702331,2.065005,-1.823848,4.688797
0.020000,7.303953,3.313214,0.132566,0.744276,2.097216,1.610535,4.685568
0.020000,7.303504,3.297498,0.148289,0.786116,2.092032,-0.259184,4.682094
0.020000,7.302972,3.280947,0.164848,0.827978,2.093105,0.053637,4.678365
0.020000,7.302345,3.263558,0.182248,0.869986,2.100389,0.364217,4.674366
0.020000,7.301613,3.245331,0.200490,0.912083,2.104819,0.221502,4.670081
0.020000,7.300762,3.226265,0.219575,0.954271,2.109443,0.231188,4.665495
0.020000,7.299779,3.206349,0.239515,0.996992,2.136051,1.330437,4.660586
0.020000,7.298648,3.185596,0.260299,1.039191,2.109945,-1.305337,4.655337
0.020000,7.297354,3.163989,0.281944,1.082282,2.154535,2.229530,4.649720
0.020000,7.295877,3.141537,0.304445,1.125044,2.138083,-0.822594,4.643715
0.020000,7.294200,3.118234,0.327809,1.168167,2.156138,0.902733,4.637290
0.020000,7.292299,3.094077,0.352040,1.211579,2.170604,0.723318,4.630414
0.020000,7.290152,3.069065,0.377144,1.255203,2.181230,0.531302,4.623052
0.020000,7.287732,3.043198,0.403124,1.298970,2.188326,0.354780,4.615165
0.020000,7.285012,3.016464,0.429996,1.343634,2.233229,2.245150,4.606704
0.020000,7.281959,2.988871,0.457757,1.388041,2.220358,-0.643556,4.597625
0.020000,7.278538,2.960414,0.486419,1.433111,2.253453,1.654742,4.587868
0.020000,7.274712,2.931087,0.515995,1.478761,2.282539,1.454322,4.577369
0.020000,7.270437,2.900890,0.546493,1.524895,2.306688,1.207416,4.566057
0.020000,7.265667,2.869826,0.577921,1.571407,2.325572,0.944224,4.553852
0.020000,7.260345,2.837885,0.610302,1.619075,2.383442,2.893517,4.540655
0.020000,7.254415,2.805074,0.643646,1.667167,2.404585,1.057138,4.526364
0.020000,7.247807,2.771390,0.677971,1.716275,2.455397,2.540617,4.510856
0.020000,7.240447,2.736839,0.713297,1.766303,2.501380,2.299103,4.493993
0.020000,7.232246,2.701416,0.749657,1.817979,2.583836,4.122821,4.475610
0.020000,7.223110,2.665137,0.787069,1.870601,2.631069,2.361672,4.455526
0.020000,7.212925,2.628012,0.825566,1.924850,2.712460,4.069525,4.433529
0.020000,7.201564,2.590052,0.865189,1.981190,2.817000,5.226991,4.409374
0.020000,7.188882,2.551286,0.905976,2.039345,2.907746,4.537316,4.382785
0.020000,7.174714,2.511749,0.947976,2.099980,3.031784,6.201912,4.353442
0.020000,7.158867,2.471489,0.991242,2.163311,3.166524,6.736967,4.320987
0.020000,7.141126,2.430578,1.035835,2.229625,3.315687,7.458179,4.285021
0.020000,7.121351,2.389322,1.081585,2.287496,2.893579,-21.105407,4.245319
0.020000,7.099526,2.348256,1.128090,2.325286,1.889479,-50.205016,4.201926
0.020000,7.075583,2.307740,1.175152,2.353095,1.390463,-24.950768,4.154816
0.020000,7.049362,2.267961,1.222795,2.382160,1.453249,3.139281,4.103833
0.020000,7.020724,2.229154,1.271025,2.411481,1.466025,0.638808,4.048927
0.020000,6.989563,2.191596,1.319828,2.440124,1.432159,-1.693313,3.990194
0.020000,6.955825,2.155605,1.369158,2.466547,1.321157,-5.550093,3.927926
0.020000,6.919529,2.121529,1.418944,2.489271,1.136191,-9.248295,3.862634
0.020000,6.880787,2.089724,1.469069,2.506271,0.850018,-14.308666,3.795066
0.020000,6.839802,2.060522,1.519393,2.516191,0.495983,-17.701716,3.726171
0.020000,6.796868,2.034199,1.569754,2.518034,0.092145,-20.191927,3.657031
0.020000,6.752343,2.010950,1.619984,2.511499,-0.326753,-20.944899,3.588765
0.020000,6.706617,1.990867,1.669926,2.497111,-0.719398,-19.632251,3.522421
0.020000,6.660077,1.973940,1.719448,2.476099,-1.050589,-16.559547,3.458884
0.020000,6.613080,1.960068,1.768450,2.450091,-1.300416,-12.491329,3.398821
0.020000,6.565925,1.949083,1.816867,2.420851,-1.461972,-8.077831,3.342665
0.020000,6.518854,1.940772,1.864666,2.389982,-1.543460,-4.074413,3.290632
0.020000,6.472044,1.934899,1.911843,2.358823,-1.557946,-0.724264,3.242758
0.020000,6.425622,1.931225,1.958411,2.328394,-1.521458,1.824407,3.198945
0.020000,6.379665,1.929519,2.004399,2.299400,-1.449712,3.587290,3.159004
0.020000,6.334221,1.929565,2.049843,2.272219,-1.359045,4.533330,3.122693
0.020000,6.289309,1.931165,2.094783,2.247007,-1.260574,4.923552,3.089745
0.020000,6.244932,1.934143,2.139260,2.223834,-1.158656,5.095915,3.059888
0.020000,6.201079,1.938340,2.183313,2.202677,-1.057836,5.041016,3.032855
0.020000,6.157732,1.943618,2.226981,2.183390,-0.964363,4.673617,3.008397
0.020000,6.114866,1.949852,2.270298,2.165818,-0.878610,4.287667,2.986284
0.020000,6.072458,1.956933,2.313293,2.149777,-0.802068,3.827087,2.966306
0.020000,6.030477,1.964765,2.355998,2.135240,-0.726837,3.761534,2.948275
0.020000,5.988900,1.973262,2.398435,2.121828,-0.670569,2.813420,2.932024
0.020000,5.947697,1.982346,2.440627,2.109627,-0.610052,3.025832,2.917405
0.020000,5.906843,1.991949,2.482595,2.098380,-0.562379,2.383664,2.904287
0.020000,5.866313,2.002008,2.524354,2.087977,-0.520123,2.112796,2.892557
0.020000,5.826084,2.012467,2.565921,2.078320,-0.482882,1.862070,2.882113
0.020000,5.786134,2.023274,2.607307,2.069314,-0.450275,1.630362,2.872870
0.020000,5.746441,2.034382,2.648524,2.060875,-0.421943,1.416564,2.864752
0.020000,5.706987,2.045747,2.689583,2.052924,-0.397555,1.219413,2.857695
0.020000,5.667752,2.057327,2.730491,2.045388,-0.376804,1.037575,2.851643
0.020000,5.628721,2.069084,2.771255,2.038200,-0.359410,0.869688,2.846551
0.020000,5.589876,2.080981,2.811880,2.031285,-0.345767,0.682136,2.842380
0.020000,5.551204,2.092983,2.852372,2.024606,-0.333936,0.591548,2.839099
0.020000,5.512689,2.105056,2.892735,2.018118,-0.324404,0.476596,2.836684
0.020000,5.474320,2.117168,2.932970,2.011751,-0.318340,0.303192,2.835117
0.020000,5.436085,2.129286,2.973079,2.005471,-0.314003,0.216863,2.834388
0.020000,5.397973,2.141377,3.013064,1.999231,-0.311973,0.101487,2.834491
0.020000,5.359973,2.153412,3.052924,1.992986,-0.312254,-0.014051,2.835427
0.020000,5.322077,2.165357,3.092657,1.986691,-0.314767,-0.125613,2.837202
0.020000,5.284277,2.177180,3.132263,1.980291,-0.319978,-0.260579,2.839829
0.020000,5.246566,2.188849,3.171739,1.973765,-0.326349,-0.318514,2.843328
0.020000,5.208938,2.200330,3.211079,1.967035,-0.336473,-0.506216,2.847724
0.020000,5.171388,2.211588,3.250280,1.960053,-0.349098,-0.631281,2.853050
0.020000,5.133914,2.222587,3.289336,1.952770,-0.364166,-0.753352,2.859346
0.020000,5.096512,2.233288,3.328239,1.945146,-0.381203,-0.851883,2.866660
0.020000,5.059182,2.243653,3.366980,1.937077,-0.403446,-1.112162,2.875051
0.020000,5.021927,2.253639,3.405550,1.928501,-0.428780,-1.266672,2.884583
0.020000,4.984750,2.263201,3.443937,1.919341,-0.458020,-1.462016,2.895337
0.020000,4.947658,2.272291,3.482127,1.909502,-0.491926,-1.695285,2.907401
0.020000,4.910659,2.280860,3.520105,1.898902,-0.530022,-1.904807,2.920879
0.020000,4.873767,2.288853,3.557854,1.887426,-0.573794,-2.188588,2.935889
0.020000,4.836998,2.296211,3.595352,1.874894,-0.626594,-2.640000,2.952566
0.020000,4.800374,2.302874,3.632577,1.861258,-0.681828,-2.761693,2.971063
0.020000,4.763923,2.308774,3.669502,1.846287,-0.748548,-3.336033,2.991551
0.020000,4.727676,2.313841,3.706101,1.829932,-0.817728,-3.458981,3.014224
0.020000,4.691678,2.318002,3.742339,1.811911,-0.901039,-4.165554,3.039297
0.020000,4.655976,2.321177,3.778182,1.792133,-0.988935,-4.394821,3.067005
0.020000,4.620630,2.323285,3.813591,1.770439,-1.084679,-4.787190,3.097602
0.020000,4.585708,2.324243,3.848526,1.746760,-1.183950,-4.963522,3.131357
0.020000,4.551289,2.323968,3.882946,1.721016,-1.287209,-5.162945,3.168542
0.020000,4.517460,2.322376,3.916812,1.693294,-1.386105,-4.944815,3.209420
0.020000,4.484318,2.319391,3.950089,1.663822,-1.473563,-4.372910,3.254224
0.020000,4.451961,2.314941,3.982750,1.633091,-1.536557,-3.149707,3.303123
0.020000,4.420486,2.308965,4.014787,1.601837,-1.562691,-1.306710,3.356186
0.020000,4.389985,2.301412,4.046210,1.571147,-1.534527,1.408231,3.413337
0.020000,4.360530,2.292242,4.077059,1.542454,-1.434643,4.994179,3.474308
0.020000,4.332175,2.281422,4.107408,1.517459,-1.249765,9.243902,3.538612
0.020000,4.304948,2.268927,4.137366,1.497885,-0.978674,13.554537,3.605521
0.020000,4.278851,2.254735,4.167072,1.485318,-0.628358,17.515832,3.674106
0.020000,4.253871,2.238825,4.196688,1.480803,-0.225755,20.130113,3.743289
0.020000,4.229985,2.221184,4.226383,1.484711,0.195391,21.057299,3.811953
0.020000,4.207172,2.201807,4.256314,1.496560,0.592455,19.853214,3.879039
0.020000,4.185418,2.180710,4.286618,1.515226,0.933291,17.041830,3.943645
0.020000,4.164717,2.157932,4.317397,1.538956,1.186499,12.660401,4.005076
0.020000,4.145069,2.133535,4.348722,1.566230,1.363737,8.861898,4.062880
0.020000,4.126475,2.107608,4.380628,1.595282,1.452580,4.442154,4.116818
0.020000,4.108936,2.080254,4.413122,1.624697,1.470727,0.907304,4.166831
0.020000,4.092444,2.051588,4.446193,1.653571,1.443698,-1.351445,4.213004
0.020000,4.076984,2.021732,4.479814,1.681052,1.374078,-3.480991,4.255507
0.020000,4.063797,1.993782,4.510719,1.545250,-6.790084,-408.208068,4.278023
0.020000,4.046007,1.956010,4.552470,2.087564,27.115698,1695.289068,4.266346
0.020000,4.027751,1.918410,4.594268,2.089897,0.116608,-1349.954473,4.254356
0.020000,4.009018,1.880992,4.636114,2.092268,0.118587,0.098919,4.242047
0.020000,3.989796,1.843766,4.678010,2.094795,0.126320,0.386664,4.229411
0.020000,3.970077,1.806745,4.719955,2.097258,0.123148,-0.158612,4.216442
0.020000,3.949848,1.769943,4.761950,2.099776,0.125911,0.138177,4.203133
0.020000,3.929099,1.733370,4.803998,2.102406,0.131530,0.280928,4.189479
0.020000,3.907820,1.697043,4.846099,2.105018,0.130557,-0.048648,4.175474
0.020000,3.886001,1.660977,4.888252,2.107645,0.131354,0.039858,4.161115
0.020000,3.863631,1.625185,4.930459,2.110361,0.135826,0.223574,4.146398
0.020000,3.840701,1.589685,4.972720,2.113081,0.135969,0.007173,4.131319
0.020000,3.817202,1.554494,5.015036,2.115786,0.135280,-0.034476,4.115877
0.020000,3.793125,1.519630,5.057406,2.118495,0.135428,0.007437,4.100073
0.020000,3.768462,1.485111,5.099831,2.121234,0.136958,0.076503,4.083907
0.020000,3.743206,1.450956,5.142310,2.123940,0.135288,-0.083532,4.067381
0.020000,3.717350,1.417185,5.184841,2.126571,0.131574,-0.185688,4.050499
0.020000,3.690890,1.383820,5.227425,2.129208,0.131838,0.013214,4.033268
0.020000,3.663821,1.350880,5.270060,2.131766,0.127902,-0.196800,4.015695
0.020000,3.636139,1.318387,5.312746,2.134274,0.125383,-0.125953,3.997789
0.020000,3.607844,1.286365,5.355479,2.136650,0.118842,-0.327046,3.979563
0.020000,3.578933,1.254833,5.398258,2.138953,0.115121,-0.186057,3.961030
0.020000,3.549408,1.223816,5.441081,2.141158,0.110275,-0.242280,3.942206
0.020000,3.519271,1.193334,5.483945,2.143192,0.101678,-0.429857,3.923109
0.020000,3.488528,1.163412,5.526847,2.145075,0.094132,-0.377320,3.903761
0.020000,3.457182,1.134070,5.569782,2.146793,0.085911,-0.411061,3.884183
0.020000,3.425242,1.105330,5.612749,2.148347,0.077715,-0.409780,3.864400
0.020000,3.392717,1.077213,5.655743,2.149670,0.066132,-0.579144,3.844440
0.020000,3.359619,1.049739,5.698758,2.150769,0.054969,-0.558173,3.824331
0.020000,3.325958,1.022927,5.741792,2.151680,0.045541,-0.471399,3.804103
0.020000,3.291751,0.996795,5.784838,2.152323,0.032134,-0.670343,3.783787
0.020000,3.257013,0.971360,5.827893,2.152733,0.020517,-0.580843,3.763418
0.020000,3.221761,0.946636,5.870950,2.152877,0.007185,-0.666619,3.743028
0.020000,3.186015,0.922637,5.914006,2.152788,-0.004427,-0.580605,3.722653
0.020000,3.149793,0.899375,5.957054,2.152411,-0.018863,-0.721781,3.702325
0.020000,3.113117,0.876858,6.000090,2.151787,-0.031202,-0.616944,3.682081
0.020000,3.076010,0.855096,6.043108,2.150920,-0.043355,-0.607647,3.661955
0.020000,3.038493,0.834092,6.086104,2.149785,-0.056754,-0.669946,3.641978
0.020000,3.000591,0.813853,6.129072,2.148409,-0.068770,-0.600801,3.622185
0.020000,2.962325,0.794377,6.172008,2.146802,-0.080363,-0.579668,3.602607
0.020000,2.923722,0.775666,6.214908,2.144974,-0.091422,-0.552962,3.583272
0.020000,2.884802,0.757717,6.257767,2.142937,-0.101813,-0.519548,3.564209
0.020000,2.845592,0.740525,6.300581,2.140707,-0.111532,-0.485958,3.545444
0.020000,2.806112,0.724084,6.343347,2.138294,-0.120625,-0.454602,3.527001
0.020000,2.766387,0.708386,6.386061,2.135719,-0.128768,-0.407175,3.508901
0.020000,2.726438,0.693421,6.428721,2.132997,-0.136090,-0.366076,3.491164
0.020000,2.686286,0.679179,6.471324,2.130145,-0.142578,-0.324414,3.473808
0.020000,2.645952,0.665647,6.513867,2.127181,-0.148235,-0.282856,3.456847
0.020000,2.605455,0.652811,6.556350,2.124119,-0.153075,-0.241993,3.440294
0.020000,2.564814,0.640657,6.598769,2.120977,-0.157121,-0.202329,3.424161
0.020000,2.524047,0.629168,6.641125,2.117769,-0.160407,-0.164286,3.408455
0.020000,2.483169,0.618329,6.683415,2.114509,-0.162971,-0.128205,3.393185
0.020000,2.442197,0.608122,6.725639,2.111212,-0.164859,-0.094377,3.378354
0.020000,2.401145,0.598531,6.767797,2.107884,-0.166397,-0.076936,3.363967
0.020000,2.360027,0.589536,6.809888,2.104547,-0.166879,-0.024068,3.350025
0.020000,2.318854,0.581119,6.851912,2.101206,-0.167035,-0.007825,3.336528
0.020000,2.277639,0.573262,6.893869,2.097872,-0.166717,0.015907,3.323477
0.020000,2.236392,0.565946,6.935760,2.094552,-0.165976,0.037042,3.310868
0.020000,2.195122,0.559152,6.977585,2.091247,-0.165247,0.036458,3.298700
0.020000,2.153839,0.552862,7.019345,2.087972,-0.163757,0.074495,3.286969
0.020000,2.112551,0.547056,7.061039,2.084736,-0.161807,0.097506,3.275669
0.020000,2.071264,0.541717,7.102670,2.081538,-0.159907,0.094986,3.264797
0.020000,2.029985,0.536826,7.144238,2.078366,-0.158596,0.065559,3.254346
0.020000,1.988721,0.532364,7.185743,2.075256,-0.155501,0.154750,3.244311
0.020000,1.947475,0.528314,7.227186,2.072188,-0.153360,0.107080,3.234685
0.020000,1.906254,0.524659,7.268570,2.069160,-0.151429,0.096523,3.225462
0.020000,1.865060,0.521380,7.309894,2.066198,-0.148070,0.167937,3.216635
0.020000,1.823898,0.518461,7.351159,2.063267,-0.146548,0.076104,3.208198
0.020000,1.782770,0.515885,7.392367,2.060406,-0.143066,0.174095,3.200144
0.020000,1.741680,0.513636,7.433519,2.057580,-0.141292,0.088747,3.192465
0.020000,1.700630,0.511698,7.474615,2.054818,-0.138096,0.159765,3.185156
0.020000,1.659621,0.510054,7.515657,2.052091,-0.136346,0.087487,3.178210
0.020000,1.618655,0.508690,7.556645,2.049430,-0.133052,0.164714,3.171619
0.020000,1.577734,0.507589,7.597581,2.046795,-0.131779,0.063664,3.165379
0.020000,1.536858,0.506739,7.638466,2.044225,-0.128509,0.163516,3.159482
0.020000,1.496029,0.506123,7.679300,2.041689,-0.126800,0.085444,3.153923
0.020000,1.455247,0.505728,7.720084,2.039195,-0.124685,0.105745,3.148697
0.020000,1.414513,0.505539,7.760818,2.036749,-0.122304,0.119040,3.143797
0.020000,1.373826,0.505544,7.801505,2.034332,-0.120867,0.071855,3.139219
0.020000,1.333187,0.505728,7.842144,2.031955,-0.118817,0.102505,3.134958
0.020000,1.292596,0.506078,7.882737,2.029616,-0.116945,0.093590,3.131009
0.020000,1.252053,0.506582,7.923283,2.027305,-0.115573,0.068612,3.127369
0.020000,1.211558,0.507227,7.963783,2.025022,-0.114154,0.070938,3.124032
0.020000,1.171110,0.507999,8.004239,2.022771,-0.112535,0.080958,3.120996
0.020000,1.130709,0.508888,8.044649,2.020545,-0.111313,0.061096,3.118257
0.020000,1.090354,0.509880,8.085016,2.018338,-0.110353,0.047993,3.115812
0.020000,1.050046,0.510964,8.125339,2.016153,-0.109261,0.054619,3.113658
0.020000,1.009783,0.512128,8.165619,2.013987,-0.108260,0.050013,3.111793
0.020000,0.969565,0.513359,8.205856,2.011837,-0.107498,0.038140,3.110215
0.020000,0.929392,0.514647,8.246050,2.009700,-0.106869,0.031446,3.108922
0.020000,0.889262,0.515980,8.286201,2.007572,-0.106389,0.024006,3.107912
0.020000,0.849177,0.517346,8.326310,2.005455,-0.105855,0.026656,3.107185
0.020000,0.809134,0.518734,8.366377,2.003344,-0.105564,0.014560,3.106739
0.020000,0.769134,0.520133,8.406402,2.001236,-0.105392,0.008621,3.106574
0.020000,0.729175,0.521532,8.446384,1.999129,-0.105332,0.003014,3.106690
0.020000,0.689259,0.522918,8.486325,1.997022,-0.105353,-0.001087,3.107087
0.020000,0.649384,0.524282,8.526223,1.994912,-0.105538,-0.009255,3.107766
0.020000,0.609550,0.525612,8.566079,1.992795,-0.105845,-0.015338,3.108727
0.020000,0.569758,0.526897,8.605892,1.990669,-0.106273,-0.021374,3.109971
0.020000,0.530006,0.528124,8.645663,1.988534,-0.106736,-0.023168,3.111499
0.020000,0.490295,0.529285,8.685391,1.986387,-0.107360,-0.031213,3.113315
0.020000,0.450626,0.530366,8.725075,1.984223,-0.108221,-0.043035,3.115418
0.020000,0.410997,0.531357,8.764716,1.982040,-0.109132,-0.045564,3.117813
0.020000,0.371410,0.532246,8.804313,1.979838,-0.110096,-0.048176,3.120501
0.020000,0.331866,0.533022,8.843865,1.977618,-0.111023,-0.046386,3.123485
0.020000,0.292364,0.533674,8.883373,1.975367,-0.112522,-0.074908,3.126770
0.020000,0.252905,0.534189,8.922834,1.973089,-0.113915,-0.069689,3.130357
0.020000,0.213491,0.534556,8.962250,1.970786,-0.115150,-0.061710,3.134253
0.020000,0.174123,0.534763,9.001619,1.968451,-0.116761,-0.080583,3.138459
0.020000,0.154177,0.834812,9.302329,15.035521,653.353487,32673.512410,0.001227
0.020000,0.193230,0.834983,9.341383,1.952696,-654.141232,-65374.735927,0.007534
0.020000,0.232283,0.835400,9.380439,1.952781,0.004266,32707.274876,0.013829
0.020000,0.271336,0.836063,9.419497,1.952883,0.005094,0.041413,0.020112
0.020000,0.310385,0.836971,9.458556,1.952985,0.005098,0.000207,0.026379
0.020000,0.349430,0.838123,9.497619,1.953107,0.006102,0.050168,0.032632
0.020000,0.388469,0.839519,9.536683,1.953226,0.005947,-0.007737,0.038867
0.020000,0.427502,0.841159,9.575750,1.953365,0.006941,0.049687,0.045085
0.020000,0.466527,0.843041,9.614820,1.953505,0.006984,0.002164,0.051284
0.020000,0.505542,0.845164,9.653894,1.953655,0.007515,0.026538,0.057463
0.020000,0.544547,0.847529,9.692970,1.953818,0.008145,0.031522,0.063620
0.020000,0.583540,0.850133,9.732050,1.953982,0.008231,0.004290,0.069755
0.020000,0.622520,0.852976,9.771133,1.954161,0.008931,0.035010,0.075867
0.020000,0.661485,0.856058,9.810220,1.954346,0.009273,0.017067,0.081954
0.020000,0.700434,0.859376,9.849310,1.954537,0.009521,0.012436,0.088015
0.020000,0.739367,0.862930,9.888405,1.954740,0.010144,0.031134,0.094049
0.020000,0.778282,0.866719,9.927504,1.954949,0.010482,0.016905,0.100056
0.020000,0.817178,0.870741,9.966608,1.955164,0.010738,0.012818,0.106033
0.020000,0.856054,0.874996,10.005715,1.955388,0.011204,0.023259,0.111981
0.020000,0.894908,0.879481,10.044828,1.955623,0.011715,0.025557,0.117898
0.020000,0.933740,0.884197,10.083945,1.955860,0.011880,0.008252,0.123783
0.020000,0.972549,0.889141,10.123067,1.956105,0.012253,0.018660,0.129635
0.020000,1.011333,0.894312,10.162194,1.956360,0.012717,0.023180,0.135453
0.020000,1.050091,0.899709,10.201327,1.956620,0.013045,0.016426,0.141237
0.020000,1.088823,0.905329,10.240464,1.956886,0.013287,0.012119,0.146985
0.020000,1.127528,0.911173,10.279608,1.957159,0.013622,0.016738,0.152697
0.020000,1.166204,0.917237,10.318756,1.957438,0.013991,0.018456,0.158371
0.020000,1.204851,0.923521,10.357911,1.957725,0.014343,0.017574,0.164007
0.020000,1.243468,0.930024,10.397071,1.958016,0.014547,0.010186,0.169605
0.020000,1.282053,0.936742,10.436237,1.958313,0.014842,0.014796,0.175163
0.020000,1.320607,0.943675,10.475410,1.958616,0.015128,0.014294,0.180680
0.020000,1.359128,0.950821,10.514588,1.958925,0.015457,0.016409,0.186157
0.020000,1.397616,0.958178,10.553773,1.959239,0.015693,0.011847,0.191591
0.020000,1.436070,0.965745,10.592964,1.959557,0.015912,0.010917,0.196983
0.020000,1.474489,0.973519,10.632162,1.959880,0.016159,0.012365,0.202332
0.020000,1.512872,0.981499,10.671366,1.960208,0.016397,0.011876,0.207638
0.020000,1.551220,0.989684,10.710577,1.960541,0.016641,0.012211,0.212898
0.020000,1.589530,0.998070,10.749794,1.960878,0.016869,0.011415,0.218114
0.020000,1.627803,1.006657,10.789019,1.961219,0.017040,0.008557,0.223285
0.020000,1.666038,1.015442,10.828250,1.961564,0.017240,0.010003,0.228409
0.020000,1.704234,1.024424,10.867488,1.961912,0.017431,0.009538,0.233487
0.020000,1.742392,1.033601,10.906733,1.962265,0.017613,0.009079,0.238519
0.020000,1.780510,1.042970,10.945986,1.962621,0.017796,0.009181,0.243502
0.020000,1.818587,1.052529,10.985245,1.962980,0.017949,0.007658,0.248438
0.020000,1.856625,1.062278,11.024512,1.963342,0.018095,0.007291,0.253325
0.020000,1.894622,1.072213,11.063786,1.963706,0.018242,0.007337,0.258164
0.020000,1.932577,1.082333,11.103068,1.964074,0.018380,0.006914,0.262954
0.020000,1.970491,1.092636,11.142357,1.964444,0.018510,0.006499,0.267695
0.020000,2.008363,1.103119,11.181653,1.964817,0.018629,0.005926,0.272386
0.020000,2.046193,1.113781,11.220957,1.965192,0.018738,0.005462,0.277026
0.020000,2.083981,1.124619,11.260268,1.965568,0.018845,0.005355,0.281617
0.020000,2.121726,1.135632,11.299587,1.965947,0.018944,0.004942,0.286157
0.020000,2.159429,1.146818,11.338914,1.966328,0.019035,0.004570,0.290647
0.020000,2.197088,1.158173,11.378248,1.966710,0.019120,0.004209,0.295085
0.020000,2.234704,1.169698,11.417590,1.967094,0.019179,0.002994,0.299472
0.020000,2.272277,1.181388,11.456939,1.967479,0.019253,0.003683,0.303808
0.020000,2.309807,1.193243,11.496297,1.967866,0.019325,0.003572,0.308093
0.020000,2.347293,1.205259,11.535662,1.968253,0.019382,0.002871,0.312325
0.020000,2.384735,1.217436,11.575035,1.968642,0.019433,0.002558,0.316506
0.020000,2.422134,1.229770,11.614415,1.969031,0.019478,0.002255,0.320635
0.020000,2.459490,1.242261,11.653804,1.969421,0.019474,-0.000229,0.324712
0.020000,2.496802,1.254905,11.693200,1.969812,0.019545,0.003542,0.328737
0.020000,2.534071,1.267701,11.732604,1.970203,0.019574,0.001462,0.332710
0.020000,2.571296,1.280646,11.772016,1.970595,0.019597,0.001152,0.336630
0.020000,2.608478,1.293739,11.811436,1.970987,0.019615,0.000899,0.340498
0.020000,2.645617,1.306977,11.850863,1.971379,0.019588,-0.001316,0.344314
0.020000,2.682712,1.320358,11.890299,1.971771,0.019611,0.001142,0.348078
0.020000,2.719765,1.333881,11.929742,1.972164,0.019635,0.001197,0.351789
0.020000,2.756775,1.347543,11.969193,1.972557,0.019635,-0.000009,0.355448
0.020000,2.793743,1.361342,12.008652,1.972949,0.019631,-0.000216,0.359055
0.020000,2.830668,1.375276,12.048119,1.973341,0.019569,-0.003091,0.362609
0.020000,2.867551,1.389343,12.087594,1.973733,0.019585,0.000816,0.366111
0.020000,2.904392,1.403541,12.127076,1.974124,0.019590,0.000263,0.369561
0.020000,2.941192,1.417868,12.166566,1.974516,0.019572,-0.000939,0.372959
0.020000,2.977951,1.432321,12.206065,1.974907,0.019538,-0.001665,0.376305
0.020000,3.014668,1.446900,12.245570,1.975296,0.019447,-0.004562,0.379599
0.020000,3.051345,1.461601,12.285084,1.975685,0.019493,0.002278,0.382840
0.020000,3.087982,1.476423,12.324606,1.976075,0.019462,-0.001525,0.386030
0.020000,3.124579,1.491364,12.364135,1.976463,0.019429,-0.001655,0.389169
0.020000,3.161136,1.506422,12.403672,1.976849,0.019309,-0.006004,0.392255
0.020000,3.197655,1.521595,12.443217,1.977236,0.019339,0.001482,0.395290
0.020000,3.234134,1.536880,12.482769,1.977622,0.019313,-0.001290,0.398274
0.020000,3.270575,1.552276,12.522329,1.978008,0.019271,-0.002085,0.401206
0.020000,3.306979,1.567781,12.561897,1.978391,0.019136,-0.006751,0.404087
0.020000,3.343345,1.583393,12.601473,1.978774,0.019164,0.001391,0.406917
0.020000,3.379674,1.599110,12.641056,1.979157,0.019133,-0.001536,0.409696
0.020000,3.415967,1.614930,12.680646,1.979538,0.019077,-0.002811,0.412425
0.020000,3.452223,1.630851,12.720245,1.979917,0.018929,-0.007398,0.415102
0.020000,3.488445,1.646871,12.759851,1.980296,0.018983,0.002720,0.417729
0.020000,3.524631,1.662988,12.799464,1.980675,0.018932,-0.002576,0.420306
0.020000,3.560783,1.679201,12.839085,1.981051,0.018821,-0.005532,0.422832
0.020000,3.596901,1.695507,12.878714,1.981427,0.018764,-0.002865,0.425309
0.020000,3.632986,1.711905,12.918350,1.981802,0.018771,0.000360,0.427735
0.020000,3.669039,1.728393,12.957993,1.982176,0.018708,-0.003142,0.430111
0.020000,3.705059,1.744968,12.997644,1.982547,0.018547,-0.008092,0.432438
0.020000,3.741047,1.761629,13.037303,1.982919,0.018606,0.002964,0.434716
0.020000,3.777005,1.778375,13.076968,1.983290,0.018550,-0.002792,0.436944
0.020000,3.812933,1.795203,13.116642,1.983658,0.018395,-0.007737,0.439123
0.020000,3.848830,1.812111,13.156322,1.984026,0.018412,0.000838,0.441252
0.020000,3.884699,1.829098,13.196010,1.984394,0.018382,-0.001494,0.443333
0.020000,3.920540,1.846162,13.235705,1.984759,0.018246,-0.006793,0.445365
0.020000,3.956352,1.863301,13.275408,1.985124,0.018225,-0.001056,0.447349
0.020000,3.992138,1.880514,13.315117,1.985488,0.018215,-0.000495,0.449284
0.020000,4.027800,1.897502,13.354619,1.975090,-0.519912,-26.906350,0.432315
0.020000,4.068824,1.915626,13.399468,2.242450,13.367999,694.395539,0.399976
0.020000,4.110127,1.932345,13.444027,2.227946,-0.725165,-704.658179,0.369571
0.020000,4.151634,1.947741,13.488297,2.213517,-0.721475,0.184483,0.341092
0.020000,4.193281,1.961897,13.532284,2.199328,-0.709458,0.600858,0.314506
0.020000,4.235012,1.974897,13.575994,2.185505,-0.691151,0.915342,0.289764
0.020000,4.276786,1.986826,13.619437,2.172137,-0.668381,1.138489,0.266806
0.020000,4.318563,1.997763,13.662622,2.159266,-0.643539,1.242090,0.245566
0.020000,4.360315,2.007788,13.705561,2.146927,-0.616937,1.330091,0.225970
0.020000,4.402018,2.016975,13.748264,2.135145,-0.589106,1.391583,0.207947
0.020000,4.443653,2.025396,13.790742,2.123900,-0.562262,1.342167,0.191425
0.020000,4.485204,2.033119,13.833005,2.113167,-0.536644,1.280949,0.176332
0.020000,4.526661,2.040209,13.875064,2.102949,-0.510925,1.285947,0.162604
0.020000,4.568015,2.046725,13.916928,2.093195,-0.487710,1.160749,0.150176
0.020000,4.609258,2.052726,13.958605,2.083872,-0.466126,1.079188,0.138992
0.020000,4.650386,2.058266,14.000104,2.074946,-0.446310,0.990800,0.128998
0.020000,4.691393,2.063397,14.041432,2.066379,-0.428346,0.898206,0.120147
0.020000,4.732279,2.068169,14.082594,2.058133,-0.412278,0.803401,0.112395
0.020000,4.773039,2.072628,14.123598,2.050171,-0.398120,0.707868,0.105705
0.020000,4.813672,2.076820,14.164447,2.042454,-0.385867,0.612669,0.100045
0.020000,4.854177,2.080787,14.205146,2.034944,-0.375496,0.518526,0.095386
0.020000,4.894552,2.084572,14.245698,2.027601,-0.367128,0.418430,0.091706
0.020000,4.934796,2.088214,14.286106,2.020395,-0.360297,0.341560,0.088986
0.020000,4.974906,2.091754,14.326372,2.013291,-0.355189,0.255405,0.087214
0.020000,5.014880,2.095229,14.366497,2.006251,-0.352010,0.158941,0.086381
0.020000,5.054716,2.098678,14.406481,1.999241,-0.350526,0.074198,0.086482
0.020000,5.094410,2.102137,14.446326,1.992228,-0.350655,-0.006471,0.087519
0.020000,5.133958,2.105643,14.486029,1.985175,-0.352631,-0.098801,0.089496
0.020000,5.173356,2.109233,14.525590,1.978048,-0.356333,-0.185072,0.092422
0.020000,5.212597,2.112944,14.565007,1.970819,-0.361462,-0.256451,0.096313
0.020000,5.251675,2.116812,14.604276,1.963444,-0.368768,-0.365294,0.101187
0.020000,5.290581,2.120875,14.643393,1.955888,-0.377794,-0.451339,0.107069
0.020000,5.329306,2.125169,14.682356,1.948116,-0.388579,-0.539241,0.113986
0.020000,5.367839,2.129733,14.721158,1.940092,-0.401214,-0.631721,0.121973
0.020000,5.406166,2.134604,14.759793,1.931777,-0.415738,-0.726230,0.131069
0.020000,5.444273,2.139822,14.798256,1.923133,-0.432188,-0.822484,0.141317
0.020000,5.482143,2.145427,14.836538,1.914122,-0.450583,-0.919749,0.152766
0.020000,5.519757,2.151459,14.874632,1.904703,-0.470917,-1.016691,0.165471
0.020000,5.557092,2.157959,14.912529,1.894841,-0.493140,-1.111182,0.179490
0.020000,5.594124,2.164968,14.950219,1.884498,-0.517142,-1.200073,0.194887
0.020000,5.630827,2.172529,14.987692,1.873667,-0.541552,-1.220531,0.211729
0.020000,5.667169,2.180685,15.024938,1.862288,-0.568934,-1.369094,0.230087
0.020000,5.703116,2.189479,15.061946,1.850372,-0.595804,-1.343503,0.250034
0.020000,5.738632,2.198953,15.098704,1.837905,-0.623337,-1.376642,0.271641
0.020000,5.773677,2.209150,15.135202,1.824919,-0.649330,-1.299644,0.294980
0.020000,5.808208,2.220112,15.171430,1.811420,-0.674921,-1.279557,0.320118
0.020000,5.842177,2.231878,15.207380,1.797491,-0.696456,-1.076726,0.347111
0.020000,5.875538,2.244488,15.243045,1.783223,-0.713395,-0.846943,0.376006
0.020000,5.908240,2.257977,15.278420,1.768747,-0.723835,-0.522005,0.406831
0.020000,5.940232,2.272380,15.313504,1.754234,-0.725622,-0.089381,0.439589
0.020000,5.971463,2.287727,15.348302,1.739905,-0.716460,0.458121,0.474257
0.020000,6.001884,2.304044,15.382823,1.726023,-0.694081,1.118960,0.510774
0.020000,6.031446,2.321355,15.417081,1.712893,-0.656492,1.879415,0.549040
0.020000,6.060107,2.339678,15.451098,1.700847,-0.602331,2.708071,0.588912
0.020000,6.087825,2.359028,15.484902,1.690222,-0.531233,3.554875,0.630199
0.020000,6.114568,2.379414,15.518529,1.681356,-0.443309,4.396227,0.672667
0.020000,6.140307,2.400843,15.552020,1.674543,-0.340631,5.133917,0.716043
0.020000,6.165017,2.423315,15.585420,1.670015,-0.226421,5.710452,0.760023
0.020000,6.188682,2.446825,15.618779,1.667917,-0.104911,6.075508,0.804282
0.020000,6.211288,2.471366,15.652145,1.668298,0.019085,6.199808,0.848489
0.020000,6.232828,2.496922,15.685567,1.671114,0.140759,6.083702,0.892324
0.020000,6.253230,2.523379,15.718978,1.670523,-0.029524,-8.514165,0.935339
0.020000,6.272348,2.550469,15.752134,1.657805,-0.635888,-30.318180,0.976930
0.020000,6.290103,2.577933,15.784837,1.635186,-1.130970,-24.754084,1.016643
0.020000,6.306530,2.605640,15.817048,1.610516,-1.233478,-5.125404,1.054312
0.020000,6.321699,2.633502,15.848771,1.586181,-1.216758,0.835980,1.089897
0.020000,6.335679,2.661434,15.880007,1.561780,-1.220064,-0.165308,1.123400
0.020000,6.348537,2.689358,15.910749,1.537119,-1.233067,-0.650121,1.154861
0.020000,6.360343,2.717198,15.940989,1.511980,-1.256943,-1.193823,1.184346
0.020000,6.371162,2.744883,15.970712,1.486180,-1.289986,-1.652123,1.211936
0.020000,6.381058,2.772347,15.999905,1.459637,-1.327147,-1.858076,1.237725
0.020000,6.390095,2.799533,16.028554,1.432449,-1.359411,-1.613186,1.261818
0.020000,6.398333,2.826386,16.056642,1.404378,-1.403547,-2.206799,1.284314
0.020000,6.405827,2.852857,16.084153,1.375563,-1.440751,-1.860200,1.305317
0.020000,6.412633,2.878903,16.111074,1.346055,-1.475390,-1.731968,1.324927
0.020000,6.418803,2.904485,16.137390,1.315783,-1.513591,-1.910058,1.343238
0.020000,6.424384,2.929569,16.163087,1.284862,-1.546072,-1.624010,1.360341
0.020000,6.429423,2.954123,16.188153,1.253278,-1.579195,-1.656155,1.376320
0.020000,6.433963,2.978120,16.212575,1.221134,-1.607218,-1.401146,1.391253
0.020000,6.438043,3.001536,16.236344,1.188417,-1.635817,-1.429946,1.405214
0.020000,6.441701,3.024350,16.259449,1.155277,-1.656990,-1.058650,1.418270
0.020000,6.444973,3.046540,16.281879,1.121496,-1.689083,-1.604660,1.430482
0.020000,6.447891,3.068092,16.303628,1.087436,-1.702996,-0.695660,1.441909
0.020000,6.450485,3.088991,16.324688,1.052989,-1.722339,-0.967156,1.452601
0.020000,6.452785,3.109222,16.345048,1.018043,-1.747294,-1.247732,1.462606
0.020000,6.454815,3.128776,16.364708,0.982981,-1.753091,-0.289872,1.471969
0.020000,6.456602,3.147640,16.383657,0.947425,-1.777831,-1.237016,1.480729
0.020000,6.458167,3.165807,16.401891,0.911713,-1.785609,-0.388881,1.488922
0.020000,6.459532,3.183267,16.419404,0.875638,-1.803713,-0.905190,1.496581
0.020000,6.460717,3.200014,16.436193,0.839459,-1.808981,-0.263382,1.503738
0.020000,6.461740,3.216042,16.452253,0.803015,-1.822190,-0.660457,1.510420
0.020000,6.462617,3.231345,16.467581,0.766421,-1.829702,-0.375619,1.516653
0.020000,6.463364,3.245918,16.482173,0.729598,-1.841170,-0.573415,1.522458
0.020000,6.463996,3.259756,16.496026,0.692625,-1.848633,-0.373116,1.527857
0.020000,6.464526,3.272857,16.509138,0.655580,-1.852245,-0.180595,1.532871
0.020000,6.464966,3.285215,16.521503,0.618285,-1.864744,-0.624980,1.537514
0.020000,6.465327,3.296830,16.533124,0.581023,-1.863113,0.081569,1.541805
0.020000,6.465621,3.307696,16.543994,0.543513,-1.875485,-0.618629,1.545756
0.020000,6.465856,3.317812,16.554113,0.505965,-1.877423,-0.096883,1.549381
0.020000,6.466041,3.327176,16.563479,0.468277,-1.884391,-0.348413,1.552691
0.020000,6.466184,3.335786,16.572090,0.430551,-1.886295,-0.095196,1.555698
0.020000,6.466292,3.343643,16.579948,0.392888,-1.883142,0.157672,1.558411
0.020000,6.466371,3.350740,16.587045,0.354867,-1.901048,-0.895331,1.560836
0.020000,6.466427,3.357080,16.593386,0.317032,-1.891756,0.464642,1.562984
0.020000,6.466466,3.362662,16.598967,0.279083,-1.897458,-0.285124,1.564859
0.020000,6.466491,3.367483,16.603789,0.241073,-1.900474,-0.150782,1.566468
0.020000,6.466505,3.371544,16.607850,0.203057,-1.900844,-0.018494,1.567815
0.020000,6.466513,3.374845,16.611150,0.165025,-1.901562,-0.035905,1.568904
0.020000,6.466517,3.377381,16.613687,0.126827,-1.909934,-0.418631,1.569738
0.020000,6.466519,3.379157,16.615463,0.088793,-1.901676,0.412906,1.570320
0.020000,6.466519,3.380171,16.616477,0.050702,-1.904550,-0.143712,1.570652
0.020000,6.466519,3.380550,16.616856,0.018953,-1.587449,15.855059,1.570776
0.020000,6.466519,3.380613,16.616919,0.003137,-0.790821,39.831386,1.570796
0.020000,6.466519,3.380613,16.616919,0.000000,-0.156832,31.699454,1.570796
